Feature_1,Feature_2,Feature_3,Feature_4,Feature_5,Feature_6,Feature_7,Feature_8,Feature_9,Feature_10,Feature_11,Feature_12,Feature_13,Feature_14,Feature_15,Feature_16,Feature_17,Feature_18,Feature_19,Feature_20,Feature_21,Feature_22,Feature_23,Feature_24,Feature_25,Feature_26,Feature_27,Feature_28,Feature_29,Feature_30,Feature_31,Feature_32,Feature_33,Feature_34,Feature_35,Feature_36,Feature_37,Feature_38,Feature_39,Feature_40,Feature_41,Feature_42,Feature_43,Feature_44,Feature_45,Feature_46,Feature_47,Feature_48,Feature_49,Feature_50,Feature_51,Feature_52,Feature_53,Feature_54,Feature_55,Feature_56,Feature_57,Feature_58,Feature_59,Feature_60,Feature_61,Feature_62,Feature_63,Feature_64,Label
-2.4434422874697512,-1.840662068401423,-1.0649367357637025,-2.2332362411156774,-1.318374378366056,-2.3541414146849324,0.0018830616087966382,-0.5856706935721977,-2.331907387703355,-0.18978739303551045,0.7414658644178486,-0.9716638377641402,-2.045725995986121,1.7719795750953462,-2.7410101123713564,-2.279417778425833,0.10306463180628343,-1.7926761980819965,-0.3353365667328556,-1.606867911686838,-2.4744707055259583,-2.001071237651678,-1.721056650300269,-1.2842068869511687,-1.6827148210637168,-1.616901270277843,-2.3197341371068223,-0.1565692429034244,-1.7682314038889644,-2.1888903956825096,-1.341901451957803,-1.4930683722705653,-2.1779422518646148,-0.03959674303827586,-2.338755068226286,-0.32828540179595445,-0.293505291080478,-1.3710999491942921,-2.116935715564051,-0.49716649772441995,-2.570411680637179,-2.3511563627658356,-2.251007597400396,-2.5365979750193457,-2.4943241230178934,-2.213757015506939,-2.7963395708982057,-2.767337885464094,-2.628873476307199,-2.6561704354356435,-0.0729252347826133,0.018029599989295386,-0.9051253580717478,-2.6061215651091953,-2.524684842503805,-2.9860122711363397,-2.418374028127435,-2.870266714184752,-2.073138975052747,-2.503157513776981,-2.6995583235069267,-2.658481515226742,-2.4729567968648243,-3.2921200680693095,0
0.2086481820445166,-0.45767983378679034,0.28533552652603256,-0.9356400150797836,-1.369402112882033,-0.9286497612625757,-0.5320815103090156,-0.7816474965508308,-0.4028445092116697,-0.8261514087004739,-0.6260837549755368,-0.8056413372564892,-1.4599290850570747,-0.6145721864102764,0.35452269019897814,1.07812590509374,-0.6294978310725112,0.03712186709892351,-0.46467027206047806,-0.4211036985291819,-1.3847568223515752,-0.16174962816814203,-0.6239973529130466,-0.08617676150448433,1.0844364008398575,1.2674149274856226,-0.8551400524543962,-0.9038731647308211,-0.23714559614585487,-0.03405409380713383,0.3856807210159445,0.6032268965055655,0.17193429105064031,-0.8831494555773948,-1.1518419079744588,-1.0776668895461472,-0.8260719430837432,-1.0387911750554066,1.2149901351511199,-1.6202062404572368,0.9413735038567581,-1.7424914508029177,-0.09781538068658416,-1.1495132738463383,1.3780408197304779,-1.3926831999919462,0.5010476371559797,-0.0028179657168484486,0.5342935287792523,-0.5606824618665995,-0.5606178567058975,-0.968699229496051,-0.025209249124821507,-1.2267685990213704,-1.6098910264623416,-0.23782132579724707,0.39275975565109084,-0.8969068437478191,-0.18783853270818535,-1.8037503964146298,0.08575142209494994,0.41474127757661755,-1.2620872818815148,0.3161327058570001,1
0.699776046769381,0.6627108372934184,0.5236188669301034,0.5009843780313845,0.8145849244017862,0.7115243700848349,1.0611998736392951,0.3013822041205621,0.21209693240358365,0.1804607615331955,0.30960808987256894,0.2926613584095098,0.47031975259437364,0.596647692549344,0.12890076581338528,0.13998869940444741,0.16676571553487426,0.009811448215626198,0.24666510724144544,0.3334735280256903,0.16757144518929126,3.322928766526121,3.4787038551241003,3.637820495908101,2.8459643738077425,2.788360760985597,1.6212267573443921,3.062586112660746,3.499864787682114,1.5579518307127334,1.6255722327195914,1.6258099544451416,1.0373279187531421,2.180278816275195,1.2927275810210253,1.4232809671623277,2.306673068700169,1.715873663201143,0.6167161564315449,1.0524542325580712,0.27534527921135626,0.31175262707193085,0.6558018951632499,0.47848613858303296,0.07660682866246857,0.3620310025199333,0.05702860913985317,0.12843520554711574,0.15791669526263655,0.22224711067568056,0.324453938636359,0.17949431754144296,0.44283123435758603,0.1922209465517368,0.030428919543040146,0.043143882671925336,0.03338185715667704,0.12692840283870682,-0.0639866788315353,-0.10185974416624136,0.024027106402941586,0.08661071897000887,-0.06437939206106727,0.335173617592759,1
-0.20692154964575324,-0.17758216601673815,-0.06847913043758791,-0.0010617808515505547,-0.28761414114331885,-0.06133255044535851,-0.05840326102708539,-0.27623363623751407,-0.13328113754470933,-0.06251458990251778,-0.24820820224841722,-0.013841719450768978,-0.10587393028665569,-0.0044762473787638155,-0.2501440671544108,-0.16449442875786682,-0.11988916124378449,0.03712186709892351,0.0009310671189627702,-0.12851252904872124,-0.09971686577801027,0.3064413269731217,0.2776952202819308,0.4334507627856438,-0.0291732372432883,-0.027444363196788342,0.029276665330885385,0.10211288388298217,0.27079756282105344,-0.22702450890045106,-0.16813748754501762,-0.052930565672329115,0.05211055798414007,-0.17278927659708412,-0.027811564159815144,0.014804917896904921,-0.09509810700083027,-0.015629949417259655,-0.2576842740047569,0.12094064750061866,-0.20903888416711783,0.07658663835898526,-0.2377728747729819,0.04775983663983608,-0.011220005090587268,0.08392535532937125,-0.14678340372000817,-0.10946116736881933,0.07783651791867573,0.19921977030678997,0.34251662833722135,0.1974348417139038,0.12456370558954892,0.08916583989000275,0.09351814823555483,-0.07099823326867596,-0.02252137149800955,0.2507794407322382,0.34885283409063156,0.22453024393618928,-0.02998166982756572,0.09461390332626761,0.3107269250805014,0.049559941556375636,1
0.18598074213413826,0.16378686657801297,0.02539006426704609,0.07617608974582407,-0.144736484498583,0.10182613277768233,0.12245570688056068,0.208551086920157,0.09416295729928849,0.1226094873818352,0.45356068138766215,0.3054323199870214,0.06698417457765311,0.3723477149642292,0.04767687303457183,0.0741545095315146,0.31009315392420367,0.3284330018540948,0.5053325178966904,0.6722633032135921,0.558223591987655,0.06565740718618607,-0.06043949466618573,-0.26660298521633435,0.24079273562535308,0.17808885754645146,0.008050664104038627,-0.14698842339281673,-0.041224663401475944,0.29560369864394975,-0.16813748754501762,-0.20631802436326552,-0.0011444344898600375,-0.3059818101558924,-0.12213578881558947,-0.09353939358505066,-0.3352752245709302,-0.4178984654801209,0.2485475541425757,0.10352917862104011,0.24939612760179516,0.27716939343767416,0.31129114048904005,0.4492843554004434,-0.0032357474766731014,0.20311348983961214,0.11526061281409927,0.03819865030314036,0.1739327307314287,0.22224711067568056,0.468955456243258,0.5741858493355815,0.7049339051077343,0.3111306850075838,0.35376121659217796,0.043143882671925336,0.12122978789975597,0.20949576143439438,0.4727046879672816,0.3100133360582545,0.08575142209494994,0.25467759045144256,0.3699542383133807,1.1539328222303913,1
0.7526667398935972,0.44388453434806524,0.5813845252098782,0.5550508874495467,0.16142992259727953,0.41955620010676187,0.8372792467060189,0.7139649472334737,1.2819265637068327,0.7821140127073427,0.39957845956950216,0.3692871278745795,1.2673876805797974,0.28262772393018326,0.8418660468718588,0.6831207658561431,0.18269098646702198,-0.272396213578446,-0.3870700488639046,0.8570577260433567,0.24981400240999943,0.4000795180013745,0.5181465731339248,0.5705746928066499,0.8549653239015123,0.9043062375058988,0.07172866778457891,0.7057045130512641,1.0689939554833379,0.8182319061883506,1.0469561939245562,0.6287914729540549,0.48480737183539097,-0.21718678778335354,-0.23218071758065947,0.7009855572826236,0.6358757290820826,0.40412850212659557,1.0124974038921868,0.6694019172073431,0.8202774630121397,0.7682513110441194,0.31129114048904005,0.7559030788176344,1.2263399250661087,1.110267624723112,0.5156056380745412,1.3097137469227933,0.22198083713780517,0.13013774920011817,0.17995242102945996,0.1077322208515996,0.3117798989825119,1.1197169065073431,0.7717273566800877,0.7016560900215482,0.6323450213140334,-0.013436106773962063,-0.2841677523900243,0.605318563389025,0.2554932902479729,0.1586393781763376,-0.038056141735343156,0.10668267676365231,0
-1.9372027961379679,-0.9128385439131252,-0.4656180311110394,-0.9588113762589959,-0.8897414084318485,-0.7053799842205197,-1.548336663313884,-0.2556044990818685,-0.8240372774412953,-0.35177096065931934,0.29161401593318226,-0.6268478751713267,-2.3626325215706876,-1.2515841227520028,-2.4522140491577975,-2.1888957673505507,0.40564477951708994,-0.6456386049835093,-0.7492044237812474,0.5490670213270823,-1.5492419367929915,-0.736955658770266,-1.2176116302664066,-1.2842068869511687,-1.9526807939323585,-1.9594566381832423,-1.1381534021456863,-2.1493797011098157,-1.5432851477750478,-1.9717986787025277,-1.201380413964723,-2.268527191208077,-2.0248341485018644,0.7447592879191505,-0.3029238860724902,-2.1881960822361917,-1.8703202803450472,-2.892724336040767,-2.273407371536863,-0.1576428545726382,-2.068728082852331,-0.9124938435807566,-1.346666866380595,-1.9744636487544953,-2.6859463057518336,-2.5779429820660082,-2.243135535992868,-2.1274786755522688,0.09385255338746788,0.22224711067568056,1.0108361472691294,0.5024237526457381,-0.10009572648200671,-0.640147222639192,-2.524684842503805,-2.353840552080702,-2.1468440603761003,-0.47581331490981243,-0.35297433787705207,-2.3865896608832555,-2.236625955816864,-0.7457204540809009,-1.0580820918571527,-1.5308357325116122,0
-0.25225642946650995,-0.26511268719487946,-0.5161629821058423,-0.4335938561968485,-0.7876859393998943,-0.02698335397734991,-0.7473898054371657,-0.6166143993056661,0.09416295729928849,-0.7104488603977532,-1.6157578216418025,-0.9205799914540937,-0.30754171929501595,-0.8657881613056051,0.020602242108300688,0.13998869940444741,-1.0117043334440563,-0.46356914576152725,-0.775071164846772,-0.051514852869652634,0.013366650400463467,-0.9309204830430754,-1.0823577442871601,-1.0604783695484745,-0.8188237078840644,-0.8427261388116396,-0.819763383742985,-1.076327915921759,-0.9047280336452201,-0.9506635655003907,-0.8624767340990598,-0.8795185375068199,-0.2341350265636105,-1.8154971904890524,-0.6173379682584046,-0.5901174878773471,-0.773859526220678,-0.11182459456272648,-0.5061980805498111,-0.32305180892863444,-0.19173944976074375,0.27025274671082283,0.08520595773408983,0.5806923797220966,0.18040217764335276,0.5739210194270282,0.5811166422080681,0.5796179817669925,0.5663255997168366,0.15316508956900876,-1.1024985477317688,-0.6637103185642167,-0.45580649392863654,0.945315956772101,0.7007519744010087,0.43825120708169907,0.6004003192256411,0.6718729695702447,-0.02270272753931862,0.8617678397552205,0.5178216319390084,0.6788463613331562,1.0806819971079318,0.8587986903261285,1
0.11797842240300319,0.26882349199178257,0.5308395742150753,-0.0937472255684001,0.10019664117810703,0.33368320893674036,0.6219709515778689,0.1879219497645114,0.2289446431327687,-0.12036586405387809,0.07568512866054246,-0.052154604183303824,0.22063582334592757,0.5248716997221073,0.01157736513287697,0.04123741459504819,-0.04026280658304594,-0.45446567280042816,-0.5940039773881005,0.48746888038382746,0.7535496653868369,0.7679438398980817,1.0591621170509111,0.916993042333402,0.4837621112071303,0.4932397960194192,0.07172866778457891,1.0218715569013166,0.5828197890435829,0.5528975854350394,0.5262017590090246,0.30497350460652256,0.45152300153914093,-0.009998402247429584,-0.05139262032375873,0.19537877036683088,-0.0011157566473128935,1.208665534252318,0.2393433390853515,0.45175855621261124,0.20614754158585996,0.3048359803450795,0.2682272961547638,0.5003874759699752,0.4199299060607778,0.32892318737819976,0.40642063118532973,0.16124849836310678,0.23799687260659733,-0.2843543774399125,-0.4161163390989984,0.08979169667913875,-0.28731191987496973,-0.8066208564773778,0.20392429844745555,-1.159738416086719,0.04935420820087321,0.03610430838345048,-0.449303557558891,-0.6846990086348675,-0.6626559056706512,-0.6016631356682435,-0.5184554601798083,-0.5121469546485116,0
-0.018026217059266943,0.00623192845735863,-0.09014125229250344,-0.16326130910603726,-0.16514757830497384,-0.0956817469133671,-0.17897590629884944,0.1982365183423342,0.17840151094521361,0.13417974221210727,0.1296673504787024,0.05001308843678911,0.1534132270098075,0.022439749931449975,0.5350202297074524,0.3457205427573624,0.6445238434993055,0.3739503666595903,0.5699993705605017,0.7184619089210332,0.4759810347669469,0.21280313594486894,0.19504006773905785,0.15198585379515775,0.11930804783446447,0.10272667660726353,-0.1617573457107354,-0.39608973066861564,-0.17183861856439525,0.05439067977730323,-0.08547805343144116,-0.25744717726024435,-0.1808800340896104,-0.6167643884597783,-0.21646001347136376,-0.19285501244350997,-0.34571770794354323,-0.2167642074486903,0.06446325299809114,-0.3752862155673701,0.1715486727731118,-0.13782941017340633,0.41895075132473064,-0.04714595870358019,0.22830772332683774,0.18324880075457198,0.5592796408302259,0.6452445673989746,0.5503095642480444,0.8785263111890624,1.3720899412863767,1.4173904854412411,1.3976338206616974,0.58858674140456,0.6218904385353653,0.8948196708441042,0.7441514786234066,0.9113183094977386,1.3121450309090208,0.8073695084048155,0.8958830655525596,0.9109387076646599,0.4555048018719841,-0.11228780819757493,0
